Partner;Partner_region_zone;Appointment ID;URL;Calendar Name;Date Offered;Time Offered;Link Text;Availability
CHC - Denver;chc_denver;59349382;https://koi-mandolin-afct.squarespace.com/config/scheduling/appointments.php?action=editAppointmentType&id=59349382;710 Labs List (Colorado) (Mountain Time);11/22/2025;10:00 AM;10:00am MST Saturday, November 22, 2025;50
CHC - Denver;chc_denver;59349382;https://koi-mandolin-afct.squarespace.com/config/scheduling/appointments.php?action=editAppointmentType&id=59349382;710 Labs List (Colorado) (Mountain Time);11/23/2025;10:00 AM;10:00am MST Sunday, November 23, 2025;50
CHC - Denver;chc_denver;59349382;https://koi-mandolin-afct.squarespace.com/config/scheduling/appointments.php?action=editAppointmentType&id=59349382;710 Labs List (Colorado) (Mountain Time);11/24/2025;10:00 AM;10:00am MST Monday, November 24, 2025;50
CHC - Denver;chc_denver;59349382;https://koi-mandolin-afct.squarespace.com/config/scheduling/appointments.php?action=editAppointmentType&id=59349382;710 Labs List (Colorado) (Mountain Time);11/25/2025;10:00 AM;10:00am MST Tuesday, November 25, 2025;50
CHC - Denver;chc_denver;59349382;https://koi-mandolin-afct.squarespace.com/config/scheduling/appointments.php?action=editAppointmentType&id=59349382;710 Labs List (Colorado) (Mountain Time);11/26/2025;10:00 AM;10:00am MST Wednesday, November 26, 2025;50
CHC - Denver;chc_denver;59349382;https://koi-mandolin-afct.squarespace.com/config/scheduling/appointments.php?action=editAppointmentType&id=59349382;710 Labs List (Colorado) (Mountain Time);11/22/2025;3:00 PM;3:00pm MST Saturday, November 22, 2025;50
CHC - Denver;chc_denver;59349382;https://koi-mandolin-afct.squarespace.com/config/scheduling/appointments.php?action=editAppointmentType&id=59349382;710 Labs List (Colorado) (Mountain Time);11/23/2025;3:00 PM;3:00pm MST Sunday, November 23, 2025;50
CHC - Denver;chc_denver;59349382;https://koi-mandolin-afct.squarespace.com/config/scheduling/appointments.php?action=editAppointmentType&id=59349382;710 Labs List (Colorado) (Mountain Time);11/24/2025;3:00 PM;3:00pm MST Monday, November 24, 2025;50
CHC - Denver;chc_denver;59349382;https://koi-mandolin-afct.squarespace.com/config/scheduling/appointments.php?action=editAppointmentType&id=59349382;710 Labs List (Colorado) (Mountain Time);11/25/2025;3:00 PM;3:00pm MST Tuesday, November 25, 2025;50
CHC - Denver;chc_denver;59349382;https://koi-mandolin-afct.squarespace.com/config/scheduling/appointments.php?action=editAppointmentType&id=59349382;710 Labs List (Colorado) (Mountain Time);11/26/2025;3:00 PM;3:00pm MST Wednesday, November 26, 2025;50
CHC - Aurora;chc_aurora;59349277;https://koi-mandolin-afct.squarespace.com/config/scheduling/appointments.php?action=editAppointmentType&id=59349277;710 Labs List (Colorado) (Mountain Time);11/22/2025;10:00 AM;10:00am MST Saturday, November 22, 2025;50
CHC - Aurora;chc_aurora;59349277;https://koi-mandolin-afct.squarespace.com/config/scheduling/appointments.php?action=editAppointmentType&id=59349277;710 Labs List (Colorado) (Mountain Time);11/23/2025;10:00 AM;10:00am MST Sunday, November 23, 2025;50
CHC - Aurora;chc_aurora;59349277;https://koi-mandolin-afct.squarespace.com/config/scheduling/appointments.php?action=editAppointmentType&id=59349277;710 Labs List (Colorado) (Mountain Time);11/24/2025;10:00 AM;10:00am MST Monday, November 24, 2025;50
CHC - Aurora;chc_aurora;59349277;https://koi-mandolin-afct.squarespace.com/config/scheduling/appointments.php?action=editAppointmentType&id=59349277;710 Labs List (Colorado) (Mountain Time);11/25/2025;10:00 AM;10:00am MST Tuesday, November 25, 2025;50
CHC - Aurora;chc_aurora;59349277;https://koi-mandolin-afct.squarespace.com/config/scheduling/appointments.php?action=editAppointmentType&id=59349277;710 Labs List (Colorado) (Mountain Time);11/26/2025;10:00 AM;10:00am MST Wednesday, November 26, 2025;50
CHC - Aurora;chc_aurora;59349277;https://koi-mandolin-afct.squarespace.com/config/scheduling/appointments.php?action=editAppointmentType&id=59349277;710 Labs List (Colorado) (Mountain Time);11/22/2025;3:00 PM;3:00pm MST Saturday, November 22, 2025;50
CHC - Aurora;chc_aurora;59349277;https://koi-mandolin-afct.squarespace.com/config/scheduling/appointments.php?action=editAppointmentType&id=59349277;710 Labs List (Colorado) (Mountain Time);11/23/2025;3:00 PM;3:00pm MST Sunday, November 23, 2025;50
CHC - Aurora;chc_aurora;59349277;https://koi-mandolin-afct.squarespace.com/config/scheduling/appointments.php?action=editAppointmentType&id=59349277;710 Labs List (Colorado) (Mountain Time);11/24/2025;3:00 PM;3:00pm MST Monday, November 24, 2025;50
CHC - Aurora;chc_aurora;59349277;https://koi-mandolin-afct.squarespace.com/config/scheduling/appointments.php?action=editAppointmentType&id=59349277;710 Labs List (Colorado) (Mountain Time);11/25/2025;3:00 PM;3:00pm MST Tuesday, November 25, 2025;50
CHC - Aurora;chc_aurora;59349277;https://koi-mandolin-afct.squarespace.com/config/scheduling/appointments.php?action=editAppointmentType&id=59349277;710 Labs List (Colorado) (Mountain Time);11/26/2025;3:00 PM;3:00pm MST Wednesday, November 26, 2025;50
The Trust - Boulder;the_trust_boulder;64324744;https://koi-mandolin-afct.squarespace.com/config/scheduling/appointments.php?action=editAppointmentType&id=64324744;710 Labs List (Colorado) (Mountain Time);11/22/2025;10:00 AM;10:00am MST Saturday, November 22, 2025;50
The Trust - Boulder;the_trust_boulder;64324744;https://koi-mandolin-afct.squarespace.com/config/scheduling/appointments.php?action=editAppointmentType&id=64324744;710 Labs List (Colorado) (Mountain Time);11/23/2025;10:00 AM;10:00am MST Sunday, November 23, 2025;50
The Trust - Boulder;the_trust_boulder;64324744;https://koi-mandolin-afct.squarespace.com/config/scheduling/appointments.php?action=editAppointmentType&id=64324744;710 Labs List (Colorado) (Mountain Time);11/24/2025;10:00 AM;10:00am MST Monday, November 24, 2025;50
The Trust - Boulder;the_trust_boulder;64324744;https://koi-mandolin-afct.squarespace.com/config/scheduling/appointments.php?action=editAppointmentType&id=64324744;710 Labs List (Colorado) (Mountain Time);11/25/2025;10:00 AM;10:00am MST Tuesday, November 25, 2025;50
The Trust - Boulder;the_trust_boulder;64324744;https://koi-mandolin-afct.squarespace.com/config/scheduling/appointments.php?action=editAppointmentType&id=64324744;710 Labs List (Colorado) (Mountain Time);11/26/2025;10:00 AM;10:00am MST Wednesday, November 26, 2025;50
The Trust - Boulder;the_trust_boulder;64324744;https://koi-mandolin-afct.squarespace.com/config/scheduling/appointments.php?action=editAppointmentType&id=64324744;710 Labs List (Colorado) (Mountain Time);11/22/2025;3:00 PM;3:00pm MST Saturday, November 22, 2025;50
The Trust - Boulder;the_trust_boulder;64324744;https://koi-mandolin-afct.squarespace.com/config/scheduling/appointments.php?action=editAppointmentType&id=64324744;710 Labs List (Colorado) (Mountain Time);11/23/2025;3:00 PM;3:00pm MST Sunday, November 23, 2025;50
The Trust - Boulder;the_trust_boulder;64324744;https://koi-mandolin-afct.squarespace.com/config/scheduling/appointments.php?action=editAppointmentType&id=64324744;710 Labs List (Colorado) (Mountain Time);11/24/2025;3:00 PM;3:00pm MST Monday, November 24, 2025;50
The Trust - Boulder;the_trust_boulder;64324744;https://koi-mandolin-afct.squarespace.com/config/scheduling/appointments.php?action=editAppointmentType&id=64324744;710 Labs List (Colorado) (Mountain Time);11/25/2025;3:00 PM;3:00pm MST Tuesday, November 25, 2025;50
The Trust - Boulder;the_trust_boulder;64324744;https://koi-mandolin-afct.squarespace.com/config/scheduling/appointments.php?action=editAppointmentType&id=64324744;710 Labs List (Colorado) (Mountain Time);11/26/2025;3:00 PM;3:00pm MST Wednesday, November 26, 2025;50